,Molecular Weight,Polar Surface Area,Number of Rings,Number of Rings,Number of Valence Electrons,Number of Aromatic Atoms,Number of Conjugated Bonds,measured log solubility in mols per litre
1,201.225,42.24,2,2,76,11,4,-3.3
2,152.237,17.07,0,0,62,0,3,-2.06
4,84.14299999999999,0.0,1,1,26,5,0,-1.33
6,326.437,0.0,2,2,88,12,1,-7.32
7,272.388,40.46,4,4,108,6,1,-5.03
10,85.10600000000001,29.1,1,1,34,0,1,1.07
11,162.61899999999997,0.0,2,2,54,10,0,-4.14
12,70.135,0.0,0,0,30,0,0,-2.68
13,218.256,58.2,2,2,84,6,2,-2.64
14,198.39399999999995,0.0,0,0,86,0,0,-7.96
15,78.542,0.0,0,0,26,0,0,-1.41
16,88.14999999999999,20.23,0,0,38,0,0,-0.47
17,103.12399999999997,23.79,1,1,38,6,2,-1.0
18,304.35200000000003,53.47,1,1,108,6,1,-3.64
19,172.312,20.23,0,0,74,0,0,-2.94
20,326.437,0.0,2,2,88,12,1,-7.43
21,234.29899999999995,54.86,3,3,92,6,2,-4.593999999999999
22,260.386,18.46,0,0,80,0,0,-4.11
23,179.219,38.33,1,1,70,6,4,-2.35
24,322.243,115.54000000000002,1,1,122,6,8,-5.47
25,116.204,20.23,0,0,50,0,0,-1.81
26,180.167,72.68,2,2,68,9,2,-1.39
27,212.249,75.27000000000001,1,1,84,0,3,-1.661
28,318.0300000000001,0.0,2,2,92,12,3,-6.9
29,158.241,26.3,0,0,66,0,2,-3.17
30,134.22199999999998,0.0,1,1,54,6,0,-3.75
31,288.44,18.46,0,0,92,0,0,-4.755
32,300.314,76.66,2,2,114,12,9,-4.805
33,96.944,0.0,0,0,24,0,0,-1.64
34,180.25000000000003,0.0,3,3,68,12,0,-5.22
35,86.13399999999999,17.07,0,0,36,0,0,-0.85
37,253.367,29.540000000000003,1,1,94,6,3,-3.927
38,353.4900000000001,38.77,1,1,124,0,2,-4.15
39,226.101,0.0,0,0,50,0,0,-4.81
40,188.657,0.0,2,2,64,12,1,-4.88
41,86.134,20.23,0,0,36,0,0,-0.15
42,168.15200000000002,75.27,2,2,64,0,3,-1.655
43,156.269,20.23,1,1,66,0,0,-2.53
44,88.106,26.3,0,0,36,0,2,-0.63
45,116.20399999999998,20.23,0,0,50,0,0,-1.55
46,214.062,29.1,1,1,58,6,3,-3.083
47,266.098,60.91,2,2,76,12,3,-3.127
48,346.33900000000017,107.77,2,2,132,6,9,-4.76
49,157.216,12.89,2,2,60,10,0,-1.94
50,110.2,0.0,0,0,46,0,0,-3.66
51,236.27099999999996,75.27000000000001,2,2,92,0,3,-2.17
53,261.119,54.86,1,1,78,6,2,-2.523
54,360.88200000000006,0.0,2,2,94,12,1,-8.6
55,108.14,20.23,1,1,42,6,1,-0.62
56,128.259,0.0,0,0,56,0,0,-5.05
57,156.228,0.0,2,2,60,10,0,-4.14
58,242.321,0.0,4,4,90,18,0,-6.57
59,86.13399999999999,17.07,0,0,36,0,0,-0.19
60,429.77200000000016,0.0,2,2,106,12,1,-9.15
61,116.15999999999998,26.3,0,0,48,0,2,-0.82
63,109.128,46.25,1,1,42,6,2,-0.8
64,260.253,90.06,2,2,98,11,5,-2.81
65,366.84400000000016,54.37,4,4,132,12,3,-5.931
66,229.715,53.940000000000005,1,1,84,6,2,-4.06
67,123.11499999999998,68.87,1,1,46,6,3,-0.667
68,237.097,72.19,0,0,70,0,5,-2.68
69,223.102,0.0,2,2,70,12,1,-5.27
70,238.159,118.04999999999998,2,2,88,5,8,-3.38
71,284.098,52.37,2,2,92,12,5,-5.46
72,152.237,17.07,2,2,62,0,0,-1.96
73,244.25,75.27000000000001,2,2,92,6,3,-2.369
74,130.18699999999998,26.3,0,0,54,0,2,-2.25
75,130.18699999999998,26.3,0,0,54,0,2,-1.92
76,380.444,75.71,3,3,146,12,4,-5.886
77,257.547,0.0,2,2,76,12,1,-6.01
78,122.993,0.0,0,0,26,0,0,-1.73
79,342.2260000000001,49.17,3,3,118,11,0,-3.4930000000000003
80,257.273,55.84,0,0,82,0,4,-1.995
81,146.15299999999996,51.56,2,2,54,10,0,-0.466
82,76.12400000000001,52.04,0,0,24,0,3,0.32
83,106.168,0.0,1,1,42,6,0,-2.77
84,134.22199999999998,0.0,1,1,54,6,0,-3.28
85,236.74,0.0,0,0,50,0,0,-3.67
87,89.09399999999998,43.14,0,0,36,0,2,-0.8
88,154.253,17.07,1,1,64,0,0,-2.35
89,273.723,45.23,3,3,96,12,1,-5.36
90,192.00100000000003,43.14,1,1,58,6,3,-3.48
91,254.355,58.2,1,1,94,0,3,-3.46
93,102.17699999999998,9.23,0,0,44,0,0,-1.34
94,156.22799999999998,0.0,2,2,60,10,0,-4.29
95,268.356,40.46,2,2,104,12,5,-4.07
96,265.914,47.58,1,1,70,6,4,-5.64
97,291.992,0.0,2,2,82,12,1,-7.25
99,120.19499999999996,0.0,1,1,48,6,0,-3.27
100,330.4680000000001,54.370000000000005,4,4,132,0,1,-3.45
101,267.93,25.78,2,2,72,10,0,-5.43
102,150.13,90.15,1,1,60,0,0,0.39
103,84.93299999999999,0.0,0,0,20,0,0,-0.63
104,156.22799999999998,0.0,2,2,60,10,0,-4.17
105,60.05200000000001,26.3,0,0,24,0,2,0.58
106,139.11,63.37,1,1,52,6,4,-1.74
107,126.115,65.72,1,1,48,6,2,-1.506
108,58.124,0.0,0,0,26,0,0,-2.55
110,370.915,44.02,1,1,56,6,3,-3.61
111,327.1230000000001,92.47,2,2,108,12,8,-4.7
112,72.151,0.0,0,0,32,0,0,-3.18
113,94.113,20.23,1,1,36,6,1,0.0
114,193.249,26.02,3,3,72,14,1,-5.17
115,180.167,72.68,2,2,68,9,2,-2.523
116,129.16199999999998,12.89,2,2,48,10,0,-1.45
117,367.86,38.77,1,1,118,6,3,-4.432
118,162.276,0.0,1,1,66,6,0,-5.21
119,188.657,0.0,2,2,64,12,1,-4.54
120,84.16199999999999,0.0,0,0,36,0,0,-3.03
121,114.232,0.0,0,0,50,0,0,-4.8
122,250.339,0.0,1,1,60,6,0,-5.65
123,139.11,63.37,1,1,52,6,4,-1.01
124,140.26999999999998,0.0,0,0,60,0,0,-5.51
125,218.205,78.9,0,0,86,0,6,-0.6
126,209.293,49.25000000000001,1,1,84,6,2,-2.24
127,434.29400000000015,59.32000000000001,3,3,150,12,4,-7.337000000000001
129,179.101,0.0,0,0,50,0,0,-4.43
130,107.156,12.89,1,1,42,6,0,0.36
131,380.4560000000001,94.83,4,4,150,0,1,-3.43
132,225.313,38.33,1,1,82,6,4,-2.09
133,160.16899999999998,52.60000000000001,0,0,64,0,4,-0.82
134,136.238,0.0,1,1,56,0,0,-4.26
135,118.17899999999996,0.0,2,2,46,6,0,-3.04
136,150.22099999999998,20.23,1,1,60,6,1,-2.41
137,154.125,75.27,2,2,58,0,3,-1.886
138,238.455,0.0,1,1,42,6,0,-3.55
139,207.07,0.0,2,2,54,10,0,-4.35
140,70.135,0.0,0,0,30,0,0,-2.54
141,107.156,12.89,1,1,42,6,0,0.45
142,131.389,0.0,0,0,30,0,0,-1.96
143,143.189,26.02,2,2,54,10,1,-1.92
144,106.168,0.0,1,1,42,6,0,-2.82
145,148.125,71.79,2,2,54,10,1,-1.947
146,32.042,20.23,0,0,14,0,0,1.57
147,226.276,75.27000000000001,1,1,90,0,3,-2.468
148,72.107,17.07,0,0,30,0,0,0.52
149,130.078,65.72,1,1,48,6,2,-1.077
151,110.11199999999998,40.46,1,1,42,6,2,0.81
152,102.177,20.23,0,0,44,0,0,-1.24
153,106.596,0.0,0,0,38,0,0,-2.73
154,54.09199999999999,0.0,0,0,22,0,3,-1.87
155,102.13299999999998,26.3,0,0,42,0,2,-0.72
156,148.205,20.23,2,2,58,6,1,-1.99
157,93.513,43.09,0,0,30,0,2,-0.02
158,413.0,27.69,1,1,90,6,1,-6.62
159,126.586,0.0,1,1,42,6,0,-3.08
160,214.294,73.8,1,1,78,6,2,-2.253
161,368.3690000000001,44.760000000000005,3,3,134,18,3,-6.01
162,100.161,17.07,0,0,42,0,0,-1.3
163,193.246,52.32,1,1,76,6,4,-3.082
164,255.277,68.45,3,3,96,12,2,-3.043
165,154.253,20.23,0,0,64,0,0,-2.46
166,223.102,0.0,2,2,70,12,1,-5.28
168,75.067,43.14,0,0,30,0,2,-0.22
169,333.266,89.51999999999998,1,1,126,6,7,-6.124
170,215.894,0.0,1,1,54,6,0,-4.57
171,218.253,104.64,0,0,88,0,6,-1.807
172,316.48500000000007,37.3,4,4,128,0,0,-4.65
173,141.939,0.0,0,0,14,0,0,-1.0
174,281.35200000000003,83.47,2,2,112,0,2,-1.13
175,394.471,75.71,3,3,152,12,4,-6.301
176,138.20999999999998,17.07,1,1,56,0,1,-1.06
177,212.249,75.27000000000001,1,1,84,0,3,-2.39
178,142.242,17.07,0,0,60,0,0,-2.58
179,217.268,46.17,2,2,84,6,2,-2.337
180,86.178,0.0,0,0,38,0,0,-3.68
181,376.496,27.69,3,3,146,18,3,-8.6
182,250.301,34.89,3,3,94,16,2,-2.925
183,75.498,23.79,0,0,22,0,0,-0.092
184,333.60400000000004,18.46,1,1,96,6,1,-5.752000000000001
185,312.45300000000003,37.3,4,4,124,0,1,-5.66
187,215.894,0.0,1,1,54,6,0,-4.63
189,109.128,46.25,1,1,42,6,2,-0.72
190,186.295,26.3,0,0,78,0,2,-3.8
191,279.336,55.84,1,1,110,6,5,-1.601
192,209.245,47.56,1,1,82,6,5,-2.05
193,92.569,0.0,0,0,32,0,0,-1.96
194,144.17299999999997,20.23,2,2,54,10,1,-2.28
195,345.22600000000017,57.26,2,2,120,11,3,-5.696000000000001
196,82.14599999999999,0.0,0,0,34,0,0,-2.36
197,124.227,0.0,0,0,52,0,0,-4.24
198,126.586,0.0,1,1,42,6,0,-3.52
199,102.177,9.23,0,0,44,0,0,-1.1
200,248.307,86.18,2,2,88,12,2,-3.094
201,46.073,38.05,0,0,20,0,0,1.34
202,40.065000000000005,0.0,0,0,16,0,0,-0.41
203,298.304,63.84,1,1,102,6,5,-4.862
204,281.314,56.790000000000006,0,0,100,0,5,-3.408
205,56.064,17.07,0,0,22,0,3,0.57
206,136.114,74.43,2,2,50,9,1,-2.296
207,145.161,33.120000000000005,2,2,54,10,1,-2.16
208,96.10399999999998,0.0,1,1,36,6,0,-1.8
209,78.542,0.0,0,0,26,0,0,-1.47
210,88.106,26.3,0,0,36,0,2,-0.04
211,100.20499999999998,0.0,0,0,44,0,0,-4.36
212,148.249,0.0,1,1,60,6,0,-4.0
213,154.253,9.23,3,3,64,0,0,-1.64
215,223.102,0.0,2,2,70,12,1,-6.56
216,107.156,12.89,1,1,42,6,0,0.38
217,150.22099999999998,17.07,1,1,60,0,1,-2.06
218,342.875,18.46,1,1,102,6,0,-5.736000000000001
221,182.135,86.28,1,1,68,6,6,-2.82
222,207.07,0.0,2,2,54,10,0,-4.4
223,221.26,53.93,1,1,86,6,7,-2.34
224,162.15200000000002,60.790000000000006,2,2,60,10,1,-1.139
225,266.30400000000003,58.120000000000005,4,4,100,12,1,-3.19
226,313.747,58.4,1,1,104,5,1,-3.658
227,68.11900000000001,0.0,0,0,28,0,3,-2.03
228,154.253,20.23,0,0,64,0,0,-1.99
229,278.335,27.69,1,1,90,6,1,-4.57
230,100.161,20.23,1,1,42,0,0,-0.44
231,182.179,75.27000000000001,1,1,70,0,3,-1.16
232,290.447,37.3,4,4,118,0,0,-4.16
234,168.239,0.0,2,2,64,12,1,-4.62
235,215.688,62.73,1,1,78,6,2,-3.85
236,152.22199999999998,38.05,1,1,52,6,4,-1.77
237,114.188,17.07,0,0,48,0,0,-1.3
238,100.161,17.07,0,0,42,0,0,-0.72
239,128.558,20.23,1,1,42,6,1,-0.7
240,98.145,17.07,1,1,40,0,0,-0.6
241,107.156,26.02,1,1,42,6,1,-0.85
242,144.388,23.79,0,0,34,0,0,-2.168
243,303.67100000000005,46.92,2,2,106,12,3,-4.046
244,156.269,17.07,0,0,66,0,0,-3.3
245,243.742,53.940000000000005,1,1,90,6,2,-3.785
246,165.19199999999998,52.32,1,1,64,6,4,-2.616
247,181.449,0.0,1,1,48,6,0,-3.59
248,343.2170000000001,43.07,4,4,114,17,1,-4.09
249,110.11199999999998,40.46,1,1,42,6,2,0.62
250,254.293,49.330000000000005,3,3,96,12,1,-2.62
251,62.137,0.0,0,0,20,0,0,-0.45
252,171.03699999999998,0.0,1,1,42,6,0,-2.23
253,89.09400000000001,52.32,0,0,36,0,3,0.85
254,384.5160000000002,60.440000000000005,4,4,152,0,3,-5.35
255,116.20399999999998,20.23,0,0,50,0,0,-1.22
256,128.17399999999995,0.0,2,2,48,10,0,-3.6
257,121.18299999999996,12.03,1,1,48,6,1,-1.7
258,252.273,58.2,3,3,94,12,2,-4.097
259,256.348,0.0,4,4,96,18,0,-7.02
260,393.85400000000016,55.84,2,2,126,6,2,-6.34
261,345.6529999999999,18.46,2,2,112,12,2,-6.89
262,381.1120000000001,58.2,2,2,126,12,7,-7.28
263,366.417,75.71,3,3,140,12,4,-4.678
264,198.653,32.34,1,1,70,6,4,-2.89
265,301.296,50.94,3,3,112,17,0,-3.37
267,137.01999999999998,0.0,0,0,32,0,0,-2.37
268,393.698,0.0,1,1,54,6,0,-6.98
269,100.161,17.07,0,0,42,0,0,-0.74
270,215.36199999999997,20.31,1,1,82,0,2,-3.4
271,142.585,9.23,1,1,48,6,1,-2.78
272,505.2060000000002,59.32000000000001,3,3,144,12,4,-8.402000000000001
273,224.26,75.27000000000001,1,1,88,0,3,-2.016
274,277.238,70.83000000000001,1,1,94,6,4,-4.04
275,254.07,0.0,2,2,54,10,0,-4.55
277,62.137,0.0,0,0,20,0,0,-0.6
278,133.405,0.0,0,0,32,0,0,-1.48
279,245.282,47.36000000000001,2,2,94,11,5,-2.09
280,137.13799999999998,63.32000000000001,1,1,52,6,4,-1.82
281,137.138,43.14,1,1,52,6,3,-2.33
282,212.249,75.27000000000001,1,1,84,0,3,-2.766
283,120.19499999999996,0.0,1,1,48,6,0,-3.21
284,134.65,0.0,0,0,50,0,0,-4.0
285,184.195,75.27000000000001,1,1,72,0,3,-2.4
287,167.85,0.0,0,0,38,0,0,-1.74
288,283.331,54.46,3,3,108,12,2,-5.153
289,192.261,0.0,3,3,72,14,0,-5.84
290,278.348,52.60000000000001,1,1,110,6,6,-4.4
291,261.919,29.46,1,1,72,6,2,-4.02
292,299.6909999999999,65.07000000000001,0,0,106,0,4,0.523
293,268.356,37.3,4,4,104,6,1,-5.282
295,153.13699999999997,52.37,1,1,58,6,4,-2.41
296,120.623,0.0,0,0,44,0,0,-3.12
297,429.77200000000016,0.0,2,2,106,12,1,-9.16
300,253.30499999999995,36.44,3,3,96,12,1,-3.324
301,98.96,0.0,0,0,26,0,0,-1.29
302,172.20899999999995,86.18,1,1,60,6,1,-1.34
303,309.36600000000004,89.51999999999998,1,1,122,6,7,-6.49
304,290.832,0.0,1,1,72,0,0,-4.64
305,345.4010000000002,56.790000000000006,1,1,124,6,4,-4.194
306,181.449,0.0,1,1,48,6,0,-4.0
307,153.823,0.0,0,0,32,0,0,-2.31
308,192.001,43.14,1,1,58,6,3,-3.2
309,128.215,20.23,1,1,54,0,0,-1.29
310,302.4580000000001,37.3,4,4,122,0,1,-3.999
311,180.207,64.35,1,1,70,6,5,-2.17
312,112.216,0.0,1,1,48,0,0,-4.47
314,88.14999999999999,9.23,0,0,38,0,0,-0.24
315,148.20499999999998,9.23,1,1,58,6,3,-3.13
317,112.088,65.72,1,1,42,6,2,-1.4880000000000002
318,135.13,80.47999999999999,2,2,50,9,1,-2.12
319,326.437,0.0,2,2,88,12,1,-7.21
320,256.30499999999995,55.24,3,3,98,12,1,-2.596
322,212.252,41.13,2,2,80,12,5,-3.15
323,232.239,75.27000000000001,2,2,88,6,3,-2.322
324,257.547,0.0,2,2,76,12,1,-6.29
325,206.289,32.34,1,1,82,6,4,-3.536
326,259.762,46.09,1,1,88,6,2,-1.716
327,102.17699999999998,20.23,0,0,44,0,0,-1.04
328,130.18699999999998,26.3,0,0,54,0,2,-1.75
329,227.132,129.42000000000002,1,1,84,6,9,-3.22
330,397.52400000000006,64.63,1,1,132,6,0,-4.2
331,98.189,0.0,1,1,42,0,0,-3.51
332,88.10599999999998,26.3,0,0,36,0,2,-0.49
333,134.22199999999995,0.0,1,1,54,6,0,-3.76
334,127.574,26.02,1,1,42,6,1,-1.37
335,100.20499999999998,0.0,0,0,44,0,0,-4.26
337,286.34900000000005,61.830000000000005,2,2,106,6,1,-3.42
338,232.205,32.34,1,1,88,6,4,-3.43
340,360.45000000000016,91.67,4,4,142,0,1,-3.11
342,108.14,20.23,1,1,42,6,1,-0.68
343,365.842,92.5,3,3,126,12,3,-3.5860000000000003
344,404.54700000000025,72.83,3,3,162,0,3,-6.005
345,168.10799999999995,86.28,1,1,62,6,6,-3.39
346,262.309,75.27000000000001,3,3,102,0,3,-2.696
347,200.322,26.3,0,0,84,0,2,-4.1
348,164.208,32.34,1,1,64,6,4,-1.6
349,88.14999999999999,9.23,0,0,38,0,0,-0.66
350,60.096,20.23,0,0,26,0,0,0.43
351,142.201,0.0,2,2,54,10,0,-3.77
352,208.28,0.0,0,0,26,0,0,-1.9
353,270.372,40.46,2,2,106,12,2,-4.43
354,330.3640000000001,71.06,0,0,112,0,4,-3.37
355,126.58599999999996,0.0,1,1,42,6,0,-2.39
356,70.09100000000001,17.07,0,0,28,0,3,0.32
357,293.548,41.57,1,1,82,6,4,-3.924
358,206.288,0.0,3,3,78,14,0,-6.57
359,130.18699999999998,26.3,0,0,54,0,2,-1.87
360,338.79500000000013,80.37,2,2,124,11,6,-4.328
361,153.156,29.1,1,1,58,6,3,-1.78
362,269.77199999999993,29.54,1,1,100,6,3,-3.26
363,82.146,0.0,1,1,34,0,0,-2.59
364,362.4660000000002,94.83,4,4,144,0,1,-3.09
366,157.55599999999998,43.14,1,1,52,6,3,-2.92
367,88.106,26.3,0,0,36,0,2,-0.14
368,157.55599999999998,43.14,1,1,52,6,3,-2.55
369,275.179,32.34,1,1,94,6,4,-4.77
370,256.331,69.56,2,2,94,5,2,-1.877
371,123.11099999999996,43.14,1,1,46,6,3,-1.8
372,204.01,0.0,1,1,36,6,0,-3.01
373,365.8420000000001,92.5,3,3,126,12,2,-3.78
374,241.24299999999997,91.01,1,1,94,6,5,-0.985
375,311.85300000000007,29.54,1,1,118,6,3,-4.19
376,163.003,20.23,1,1,48,6,1,-1.3
377,102.13299999999998,26.3,0,0,42,0,2,-1.92
378,218.083,29.1,1,1,70,6,3,-3.0
380,144.21399999999997,26.3,0,0,60,0,2,-2.35
381,309.529,88.38000000000001,2,2,100,0,0,-1.84
382,293.41400000000004,27.96,2,2,114,12,6,-5.47
383,225.296,71.96000000000001,1,1,90,6,3,-2.478
384,112.216,0.0,0,0,48,0,0,-4.44
385,107.156,26.02,1,1,42,6,1,-1.21
386,100.146,38.91,1,1,32,5,1,-0.36
387,151.165,38.33,1,1,58,6,4,-1.803
388,102.177,20.23,0,0,44,0,0,-0.8
389,194.233,20.23,3,3,72,14,1,-4.73
390,192.261,0.0,3,3,72,14,0,-6.96
391,120.195,0.0,1,1,48,6,0,-3.2
392,208.261,41.57,1,1,82,6,5,-2.36
393,144.258,20.23,0,0,62,0,0,-2.74
394,268.36,32.34,2,2,104,12,4,-3.35
395,100.161,17.07,0,0,42,0,0,-0.83
396,276.915,44.02,1,1,56,6,3,-3.33
397,223.102,0.0,2,2,70,12,1,-6.39
398,298.367,42.43000000000001,3,3,106,15,4,-4.873
399,145.161,33.120000000000005,2,2,54,10,1,-2.54
400,235.308,38.33,2,2,84,6,4,-3.14
401,258.324,82.28,2,2,86,9,1,-3.81
402,266.338,20.23,1,1,66,6,1,-4.28
403,129.384,0.0,0,0,20,0,0,-0.89
404,198.222,66.48,1,1,78,0,3,-2.23
405,372.5050000000002,60.440000000000005,4,4,148,0,3,-4.63
406,150.18099999999998,55.120000000000005,1,1,58,6,3,-0.95
407,212.68,32.34,1,1,76,6,4,-3.483
408,249.097,41.57,1,1,82,6,4,-3.592
409,114.188,20.23,1,1,48,0,0,-0.88
410,356.2270000000001,103.70000000000002,1,1,118,6,2,-2.154
411,242.344,58.2,1,1,90,0,3,-3.36
412,222.251,115.04,1,1,72,5,3,-2.36
413,139.11,63.37,1,1,52,6,4,-0.74
414,364.914,0.0,4,4,98,0,0,-6.307
416,138.126,69.16,1,1,52,6,4,-1.96
417,291.992,0.0,2,2,82,12,1,-7.28
418,308.38100000000003,40.620000000000005,3,3,118,12,4,-3.81
419,182.135,86.28,1,1,68,6,6,-3.0
420,314.46900000000005,34.14,4,4,126,0,1,-4.42
421,257.76899999999995,45.150000000000006,1,1,96,6,2,-4.4110000000000005
422,349.06600000000014,37.38,2,2,100,0,2,-5.4
423,314.802,0.0,1,1,48,6,0,-4.5
424,286.718,61.690000000000005,3,3,100,12,2,-3.952
425,238.28699999999995,75.27000000000001,1,1,94,0,3,-2.356
426,150.22099999999998,20.23,1,1,60,6,1,-2.08
427,133.197,29.1,1,1,38,0,2,-1.77
430,296.5520000000001,6.48,0,0,94,0,4,-4.86
431,84.162,0.0,1,1,36,0,0,-3.1
432,474.64,0.0,2,2,110,0,0,-7.278
433,196.681,15.6,1,1,70,6,3,-2.86
434,266.34,37.3,4,4,102,10,1,-5.24
435,130.23100000000002,20.23,0,0,56,0,0,-2.39
436,90.191,0.0,0,0,32,0,0,-1.34
437,98.96,0.0,0,0,26,0,0,-1.06
438,106.596,0.0,0,0,38,0,0,-2.51
439,143.411,0.0,0,0,26,0,0,-1.32
440,138.126,69.16,1,1,52,6,4,-2.37
442,268.32,49.330000000000005,3,3,102,12,1,-2.86
443,112.55899999999995,0.0,1,1,36,6,0,-2.38
444,126.243,0.0,0,0,54,0,0,-5.05
445,282.90599999999995,0.0,1,1,42,6,0,-4.56
446,102.17699999999998,20.23,0,0,44,0,0,-0.36
447,148.249,0.0,1,1,60,6,0,-4.64
449,372.80800000000016,91.68,3,3,134,16,5,-4.571000000000001
450,320.04600000000005,0.0,2,2,94,12,0,-7.2
451,330.4680000000001,43.370000000000005,4,4,132,0,3,-5.184
452,162.61899999999997,0.0,2,2,54,10,0,-3.93
453,252.31699999999995,23.55,3,3,96,12,1,-4.749
454,102.17699999999998,20.23,0,0,44,0,0,-0.89
455,112.216,0.0,1,1,48,0,0,-4.74
456,244.294,44.12,2,2,94,11,3,-4.735
457,163.003,20.23,1,1,48,6,1,-1.25
458,416.30400000000014,59.32000000000001,3,3,144,12,4,-8.017000000000001
460,88.14999999999999,20.23,0,0,38,0,0,-0.6
461,149.237,3.24,1,1,60,6,1,-3.03
462,114.094,0.0,1,1,42,6,0,-2.0
463,89.525,23.79,0,0,28,0,0,-0.29
464,148.249,0.0,1,1,60,6,0,-4.15
465,232.239,75.27000000000001,2,2,88,6,3,-2.322
466,238.455,0.0,1,1,42,6,0,-3.54
468,221.25599999999997,47.56,2,2,86,6,4,-2.8
469,122.167,20.23,1,1,48,6,1,-1.29
470,88.14999999999999,20.23,0,0,38,0,0,-0.18
471,184.238,20.23,2,2,70,12,0,-2.55
472,186.295,26.3,0,0,78,0,2,-4.69
473,297.656,70.83000000000001,1,1,94,6,4,-4.31
474,137.01999999999998,0.0,0,0,32,0,0,-2.43
475,155.966,0.0,0,0,20,0,0,-1.6
476,238.291,58.56000000000001,1,1,94,6,5,-1.95
477,165.074,0.0,0,0,44,0,0,-3.81
478,86.178,0.0,0,0,38,0,0,-3.74
479,418.7360000000001,26.3,2,2,150,6,2,-7.321000000000001
480,283.7989999999999,29.54,1,1,106,6,3,-2.73
481,156.09699999999998,88.87,1,1,58,5,6,-2.19
483,84.082,67.59,1,1,32,5,1,0.522
484,252.731,0.0,0,0,26,0,0,-1.91
485,257.437,55.760000000000005,0,0,74,0,0,-0.22
486,367.8160000000001,53.6,2,2,116,9,1,-5.233
487,108.13999999999996,20.23,1,1,42,6,0,-0.4
488,292.33400000000006,50.44,4,4,110,16,2,-2.84
489,173.009,20.23,1,1,42,6,1,-1.09
490,122.993,0.0,0,0,26,0,0,-1.59
491,114.232,0.0,0,0,50,0,0,-4.74
492,213.105,129.42000000000002,1,1,78,6,9,-2.89
493,295.29800000000006,75.81,3,3,110,12,5,-3.796
494,44.097,0.0,0,0,20,0,0,-1.94
495,209.253,95.11,2,2,82,6,4,-1.989
496,194.237,38.91,3,3,72,14,1,-4.22
498,370.49,20.23,2,2,106,12,0,-5.666
500,393.85400000000016,55.84,2,2,126,6,2,-6.34
501,235.906,0.0,1,1,42,6,0,-4.07
502,261.064,57.14,2,2,84,11,3,-2.82
503,170.211,20.23,2,2,64,12,2,-3.48
504,217.26800000000003,38.33,2,2,84,6,4,-2.56
505,72.10700000000001,9.23,0,0,30,0,2,-0.85
506,54.09199999999999,0.0,0,0,22,0,0,-1.24
507,162.15200000000002,60.790000000000006,2,2,60,10,1,-1.11
508,130.23099999999997,20.23,0,0,56,0,0,-1.6
509,147.00400000000002,0.0,1,1,42,6,0,-3.27
510,324.33600000000007,75.71,3,3,122,12,4,-4.47
512,131.17799999999997,15.79,2,2,50,9,0,-2.42
513,162.152,60.790000000000006,2,2,60,10,1,-1.11
514,223.22799999999995,56.790000000000006,2,2,86,6,4,-1.57
515,185.227,61.440000000000005,1,1,74,0,4,-2.15
516,41.053,23.79,0,0,16,0,0,0.26
517,301.34200000000004,56.790000000000006,2,2,116,12,6,-4.7
518,293.34800000000007,89.43,2,2,106,11,4,-3.59
519,167.85,0.0,0,0,38,0,0,-2.18
520,74.12299999999999,20.23,0,0,32,0,0,0.0
521,232.32700000000003,41.13,2,2,92,6,4,-4.11
522,181.449,0.0,1,1,48,6,0,-4.48
523,96.08499999999998,30.21,1,1,36,5,2,-0.1
524,88.14999999999999,20.23,0,0,38,0,0,-0.51
525,150.13299999999998,35.53,2,2,56,6,2,-1.63
526,56.108,0.0,0,0,24,0,0,-2.33
527,106.12399999999997,17.07,1,1,40,6,2,-1.19
528,82.146,0.0,0,0,34,0,3,-2.4
529,410.5360000000002,68.31,2,2,156,6,6,-4.71
530,226.235,42.43,3,3,84,12,1,-3.672
531,166.22299999999998,0.0,3,3,62,12,0,-5.0
532,98.189,0.0,1,1,42,0,0,-3.85
534,152.149,46.53,1,1,58,6,4,-1.827
535,86.134,9.23,1,1,36,0,0,0.11
536,246.30599999999995,43.370000000000005,3,3,96,0,2,-3.09
538,169.993,0.0,0,0,26,0,0,-2.29
539,227.337,62.73,1,1,84,6,2,-3.04
540,60.096,20.23,0,0,26,0,0,0.62
541,330.4680000000001,54.37,4,4,132,0,1,-3.817
542,88.14999999999999,20.23,0,0,38,0,0,-0.29
543,212.248,37.3,2,2,80,12,2,-2.85
544,122.167,20.23,1,1,48,6,1,-1.19
545,157.55599999999998,43.14,1,1,52,6,3,-2.77
546,203.245,52.95,2,2,78,11,3,-0.624
547,291.992,0.0,2,2,82,12,1,-6.57
548,260.762,0.0,0,0,58,0,3,-4.92
549,241.364,62.73,1,1,90,6,2,-4.0
550,102.177,20.23,0,0,44,0,0,-0.71
551,146.153,51.56,2,2,54,10,0,-0.12
552,337.4630000000001,46.260000000000005,5,5,132,5,0,-5.507000000000001
553,184.02,0.0,0,0,32,0,0,-2.96
554,207.07,0.0,2,2,54,10,0,-4.4
556,146.111,0.0,1,1,54,6,0,-2.51
557,334.45600000000024,52.60000000000001,1,1,134,6,6,-6.144
558,184.263,0.0,3,3,62,13,0,-4.38
559,326.437,0.0,2,2,88,12,1,-7.8
560,360.88200000000006,0.0,2,2,94,12,1,-8.01
561,308.3330000000001,67.50999999999999,3,3,116,16,2,-3.893
562,214.264,40.46,2,2,82,12,0,-1.93
563,194.18599999999995,52.60000000000001,1,1,74,6,6,-1.66
564,172.26799999999997,26.3,0,0,72,0,2,-3.39
565,122.258,0.0,0,0,38,0,0,-2.42
566,118.176,18.46,0,0,50,0,0,-0.77
567,215.894,0.0,1,1,54,6,0,-5.56
568,184.242,52.04,2,2,70,12,3,-2.7
569,98.189,0.0,0,0,42,0,0,-3.73
570,209.293,57.78,1,1,84,6,2,-3.028
571,226.27599999999995,75.27000000000001,1,1,90,0,3,-2.39
572,127.574,26.02,1,1,42,6,1,-1.52
573,142.58499999999998,9.23,1,1,48,6,1,-2.78
574,203.351,20.31,0,0,78,0,2,-3.53
575,102.13299999999998,26.3,0,0,42,0,2,-1.37
576,360.4500000000002,94.83,4,4,142,0,1,-3.18
577,163.82899999999998,0.0,0,0,26,0,0,-1.54
578,300.3980000000001,51.21,4,4,118,0,1,-3.48
580,122.12299999999998,37.3,1,1,46,6,3,-0.96
581,94.939,0.0,0,0,14,0,0,-0.79
582,379.381,80.31,2,2,130,12,1,-3.8
583,342.7780000000001,67.50999999999999,3,3,122,16,2,-5.839
584,156.22799999999998,0.0,2,2,60,10,0,-4.29
585,125.131,71.77000000000001,1,1,48,6,2,-1.4580000000000002
586,326.437,0.0,2,2,88,12,1,-7.92
587,323.133,29.1,2,2,80,12,4,-4.21
589,175.0,0.0,1,1,42,6,0,-2.7
590,163.003,20.23,1,1,48,6,1,-1.55
591,391.2940000000001,35.53,3,3,136,12,4,-6.291
592,331.353,99.6,3,3,118,12,5,-4.16
593,338.36300000000006,75.71,3,3,128,12,4,-4.907
595,107.156,26.02,1,1,42,6,1,-2.21
596,148.205,9.23,1,1,58,6,1,-2.92
597,279.34,70.67,1,1,110,6,8,-2.93
598,70.135,0.0,0,0,30,0,0,-2.73
599,95.101,33.120000000000005,1,1,36,6,1,1.02
600,30.07,0.0,0,0,14,0,0,-1.36
601,147.00399999999996,0.0,1,1,42,6,0,-3.05
602,167.25799999999998,12.89,2,2,50,9,0,-3.18
603,498.66200000000026,0.0,2,2,118,12,1,-11.6
604,216.19199999999995,52.58,3,3,80,13,2,-3.664
605,59.068,43.09,0,0,24,0,2,1.58
606,142.201,0.0,2,2,54,10,0,-3.7
607,271.36,29.540000000000003,2,2,106,10,3,-3.57
608,102.177,20.23,0,0,44,0,0,-0.62
609,116.15999999999998,26.3,0,0,48,0,2,-1.36
610,172.18299999999996,34.14,2,2,64,6,2,-3.03
611,178.23399999999998,0.0,3,3,66,14,0,-5.26
612,107.156,12.89,1,1,42,6,0,0.38
613,144.258,20.23,0,0,62,0,0,-3.01
614,173.83499999999998,0.0,0,0,20,0,0,-1.17
615,392.4670000000002,94.83,4,4,154,0,1,-3.59
616,156.228,0.0,2,2,60,10,0,-4.89
617,217.378,20.31,0,0,84,0,2,-3.68
619,138.126,69.16,1,1,52,6,4,-2.19
620,92.569,0.0,0,0,32,0,0,-2.03
621,430.9340000000001,64.68,1,1,124,0,4,-4.19
622,329.321,22.0,3,3,122,18,3,-4.445
623,243.309,26.02,4,4,90,18,1,-6.2
624,270.372,37.3,4,4,106,6,1,-3.955
625,269.373,19.37,3,3,96,12,1,-4.706
626,58.08,12.53,1,1,24,0,0,-0.59
627,281.271,84.6,3,3,104,12,5,-3.796
628,132.232,24.06,0,0,48,0,3,-1.46
629,197.448,20.23,1,1,54,6,1,-2.67
630,116.15999999999998,26.3,0,0,48,0,2,-1.34
631,93.129,26.02,1,1,36,6,1,-0.41
632,156.228,0.0,2,2,60,10,0,-4.678999999999999
633,297.745,118.36,2,2,94,6,0,-2.63
635,144.21399999999997,26.3,0,0,60,0,2,-1.28
636,211.269,71.96000000000001,1,1,84,6,3,-2.084
638,108.966,0.0,0,0,20,0,0,-1.09
639,82.14599999999999,0.0,0,0,34,0,0,-1.99
641,70.13499999999999,0.0,0,0,30,0,0,-2.73
642,145.16099999999997,33.120000000000005,2,2,54,10,1,-2.42
643,132.20599999999996,0.0,2,2,52,6,0,-4.37
644,318.32800000000003,66.76,4,4,118,18,3,-2.9
645,314.802,0.0,1,1,48,6,0,-5.6
646,321.549,27.69,1,1,90,6,1,-5.72
647,142.18300000000002,48.65,1,1,48,6,2,-2.436
648,164.204,29.46,1,1,64,6,2,-1.56
649,210.233,75.27000000000001,1,1,82,0,3,-1.7080000000000002
651,118.176,18.46,0,0,50,0,0,-0.43
652,239.702,29.54,2,2,86,6,1,-2.338
653,118.176,29.46,0,0,50,0,0,-0.42
654,295.336,43.14,1,1,76,6,3,-5.82
655,290.447,37.3,4,4,118,0,0,-4.402
656,312.118,20.31,2,2,104,6,2,-4.047
657,129.16199999999998,12.89,2,2,48,10,0,-1.3
658,184.147,86.99000000000001,1,1,70,6,6,-1.24
659,306.276,81.64999999999999,3,3,114,16,0,-1.8
660,169.567,46.0,2,2,56,9,1,-2.8310000000000004
661,395.3270000000001,0.0,2,2,100,12,1,-7.92
662,142.07,92.34,1,1,52,0,4,-1.25
663,112.987,0.0,0,0,32,0,0,-1.62
664,175.0,0.0,1,1,42,6,0,-2.67
665,191.455,0.0,1,1,42,6,0,-3.63
666,86.178,0.0,0,0,38,0,0,-3.65
667,56.108,0.0,0,0,24,0,0,-1.94
668,360.88200000000006,0.0,2,2,94,12,1,-7.68
669,111.104,71.77000000000001,1,1,42,6,2,-1.155
670,187.37500000000003,0.0,0,0,50,0,0,-3.04
671,55.07999999999999,23.79,0,0,22,0,0,0.28
672,320.04600000000005,0.0,2,2,94,12,0,-6.51
673,153.13699999999997,52.37,1,1,58,6,4,-1.96
674,288.43100000000004,37.3,4,4,116,0,0,-4.12
675,284.142,37.38,3,3,94,6,3,-4.8
677,240.21499999999995,106.51000000000002,1,1,92,6,7,-3.38
678,196.202,44.760000000000005,2,2,76,0,3,-1.899
679,92.094,60.69,0,0,38,0,0,1.12
680,124.13899999999995,29.46,1,1,48,6,2,-1.96
681,350.591,40.58,1,1,102,6,1,-5.67
682,192.261,0.0,3,3,72,14,0,-5.89
683,188.23,26.93,2,2,72,11,2,0.715
684,88.14999999999999,9.23,0,0,38,0,0,-0.99
685,146.153,51.56,2,2,54,10,0,-0.8540000000000001
686,201.661,62.73,1,1,72,6,2,-4.55
687,87.12199999999999,20.31,0,0,36,0,2,1.11
688,213.31,45.150000000000006,1,1,78,6,2,-2.676
689,28.053999999999995,0.0,0,0,12,0,0,-0.4
690,102.177,20.23,0,0,44,0,0,-0.5
691,196.206,75.27000000000001,1,1,76,0,3,-1.614
692,197.448,20.23,1,1,54,6,1,-2.67
693,108.13999999999996,9.23,1,1,42,6,1,-1.85
694,339.21800000000013,46.53,2,2,116,12,2,-4.53
695,360.4500000000001,91.67000000000002,4,4,142,0,1,-3.85
696,286.331,50.8,2,2,110,12,7,-4.16
697,120.19499999999996,0.0,1,1,48,6,0,-3.11
698,118.245,0.0,0,0,44,0,0,-2.24
699,168.10799999999995,86.28,1,1,62,6,6,-2.29
701,198.222,75.27000000000001,1,1,78,0,3,-2.21
702,402.48700000000025,97.74,4,4,158,0,3,-4.21
703,171.15599999999998,81.19,1,1,66,5,3,-1.22
704,127.574,26.02,1,1,42,6,1,-1.66
705,116.20399999999998,20.23,0,0,50,0,0,-1.52
707,271.39,71.96000000000001,1,1,102,6,2,-2.928
708,222.33199999999997,32.34,3,3,90,0,3,-3.1710000000000003
709,134.22199999999998,0.0,1,1,54,6,0,-3.66
710,322.36400000000003,57.690000000000005,3,3,122,12,4,-3.27
711,402.48700000000014,100.90000000000002,4,4,158,0,3,-4.37
712,74.12299999999999,9.23,0,0,32,0,0,-0.39
713,102.133,26.3,0,0,42,0,2,-0.55
714,157.01,0.0,1,1,36,6,0,-2.55
715,166.176,46.53,1,1,64,6,4,-2.35
716,352.39000000000004,75.71,3,3,134,12,4,-5.071000000000001
717,344.4950000000001,43.370000000000005,4,4,138,0,3,-5.37
719,136.114,74.43,2,2,50,9,1,-2.266
720,62.499,0.0,0,0,18,0,0,-1.75
721,239.318,20.31,2,2,92,12,2,-2.98
722,331.62699999999995,0.0,0,0,32,0,0,-3.14
723,296.374,48.47,3,3,114,12,2,-4.871
724,147.13299999999998,46.17,2,2,54,6,2,-2.61
725,331.202,46.010000000000005,3,3,110,18,0,-4.38
726,136.14999999999998,26.3,1,1,52,6,3,-1.85
727,126.115,54.86,1,1,48,6,2,-0.807
728,324.38000000000005,60.85000000000001,3,3,124,12,5,-3.73
729,291.9920000000001,0.0,2,2,82,12,1,-6.47
730,289.7440000000001,101.29,2,2,98,6,1,-3.29
731,233.098,32.34,1,1,76,6,4,-3.8
734,128.259,0.0,0,0,56,0,0,-5.88
735,128.558,20.23,1,1,42,6,1,-1.06
736,242.321,0.0,4,4,90,18,0,-6.59
737,122.16699999999996,9.23,1,1,48,6,1,-2.33
738,176.215,26.3,1,1,68,6,5,-3.0
739,216.668,54.86,1,1,78,6,2,-2.484
740,315.716,84.6,3,3,110,12,5,-3.499
741,171.22099999999998,60.16,1,1,60,6,0,-1.74
742,223.659,38.33,1,1,78,6,4,-2.617
743,114.232,0.0,0,0,50,0,0,-5.08
744,449.8560000000001,59.32000000000001,3,3,162,12,4,-8.176
745,300.3620000000001,56.220000000000006,3,3,116,6,3,-3.5380000000000003
746,284.74600000000004,32.67,3,3,100,12,2,-3.754
747,102.177,20.23,0,0,44,0,0,-0.7
748,308.36100000000005,44.760000000000005,1,1,102,6,1,-2.3
749,154.253,20.23,2,2,64,0,0,-2.32
750,288.431,37.3,4,4,116,0,1,-4.02
751,100.205,0.0,0,0,44,0,0,-4.53
752,144.17299999999997,20.23,2,2,54,10,1,-2.22
753,112.216,0.0,1,1,48,0,0,-4.3
756,340.5070000000001,34.14,4,4,136,0,1,-5.27
757,114.188,17.07,0,0,48,0,0,-1.45
758,183.169,55.4,0,0,60,0,2,0.54
760,149.149,46.17,2,2,56,0,2,-2.932
761,380.662,118.36,2,2,112,6,0,-2.68
762,70.13499999999999,0.0,0,0,30,0,0,-2.56
763,120.195,0.0,1,1,48,6,0,-3.31
764,197.448,20.23,1,1,54,6,1,-2.21
766,116.20399999999998,20.23,0,0,50,0,0,-0.98
767,114.232,0.0,0,0,50,0,0,-5.24
768,178.23399999999995,0.0,3,3,66,14,0,-6.35
769,108.14399999999998,38.05,1,1,42,6,1,0.07
770,58.08,17.07,0,0,24,0,0,0.58
771,112.216,0.0,1,1,48,0,0,-4.15
772,208.217,75.27000000000001,1,1,80,0,3,-2.077
773,119.378,0.0,0,0,26,0,0,-1.17
774,128.15599999999998,45.75,1,1,42,6,1,-2.273
775,328.843,32.34,3,3,120,12,4,-5.915
776,96.17300000000002,0.0,1,1,40,0,0,-3.27
777,128.21499999999995,17.07,0,0,54,0,0,-2.13
778,260.24499999999995,61.81,3,3,98,13,3,-3.0210000000000004
779,226.27599999999995,75.27000000000001,1,1,90,0,3,-2.658
781,100.161,17.07,0,0,42,0,0,-1.52
782,102.177,9.23,0,0,44,0,0,-1.62
784,197.448,20.23,1,1,54,6,1,-2.64
785,60.056,69.11,0,0,24,0,3,0.96
786,68.11899999999999,0.0,0,0,28,0,0,-1.64
787,235.906,0.0,1,1,42,6,0,-3.54
789,135.16599999999997,29.1,1,1,52,6,3,-1.33
791,137.14200000000002,68.01,1,1,52,6,3,0.009
792,354.8749999999999,20.23,3,3,94,0,0,-5.46
793,116.15999999999998,26.3,0,0,48,0,2,-1.52
794,120.15099999999995,17.07,1,1,46,6,2,-1.28
796,182.156,44.760000000000005,0,0,68,0,0,0.43
797,152.237,17.07,2,2,62,0,0,-1.85
798,162.152,60.790000000000006,2,2,60,10,1,-0.91
799,338.876,0.0,3,3,88,0,0,-5.64
800,89.094,43.14,0,0,36,0,2,-0.62
803,179.21899999999997,52.32,1,1,70,6,4,-2.452
804,223.165,73.86,0,0,82,0,5,0.6509999999999999
805,99.089,46.17,1,1,38,0,2,0.3
806,100.20499999999998,0.0,0,0,44,0,0,-4.28
807,316.4270000000001,84.42,1,1,120,6,2,-4.16
808,270.361,32.260000000000005,3,3,96,12,1,-4.634
809,239.274,29.54,3,3,90,12,1,-3.68
811,96.173,0.0,0,0,40,0,0,-3.01
812,244.28999999999996,39.44,2,2,94,10,2,-4.314
813,268.3589999999999,0.0,5,5,100,18,0,-7.92
814,150.177,26.3,1,1,58,6,3,-2.32
815,92.569,0.0,0,0,32,0,0,-2.0
816,296.41,40.46,4,4,116,6,1,-4.3
817,214.349,26.3,0,0,90,0,2,-4.69
818,118.245,0.0,0,0,44,0,0,-2.58
820,151.047,0.0,0,0,38,0,0,-3.08
821,98.18899999999998,0.0,0,0,42,0,0,-3.82
822,171.15599999999998,81.19,1,1,66,5,3,-1.26
823,140.26999999999998,0.0,1,1,60,0,0,-6.08
824,360.88200000000006,0.0,2,2,94,12,1,-7.42
825,198.222,75.27000000000001,1,1,78,0,3,-2.148
826,133.405,0.0,0,0,32,0,0,-2.0
827,214.652,41.57,1,1,76,6,4,-2.57
828,196.206,75.27,2,2,76,0,3,-3.06
829,211.26099999999997,46.61,1,1,84,0,5,-0.85
830,171.03700000000003,0.0,1,1,42,6,0,-3.19
831,74.123,9.23,0,0,32,0,0,-0.09
832,330.17100000000005,69.72,2,2,112,6,6,-4.376
833,335.28200000000004,89.51999999999998,1,1,128,6,7,-5.53
834,136.194,20.23,1,1,54,6,1,-2.05
836,238.455,0.0,1,1,42,6,0,-4.03
837,228.679,41.57,1,1,82,6,5,-2.564
838,211.69200000000004,20.31,1,1,76,6,3,-2.48
839,104.15199999999996,0.0,1,1,40,6,2,-2.82
840,76.095,18.46,0,0,32,0,0,0.48
841,106.168,0.0,1,1,42,6,0,-2.8
842,74.12299999999999,20.23,0,0,32,0,0,0.47
843,110.11199999999998,40.46,1,1,42,6,2,-0.17
844,288.387,60.69,4,4,114,6,1,-4.955
846,100.077,58.2,1,1,38,0,2,-0.4
847,194.27399999999992,40.46,1,1,78,6,2,-2.59
848,162.27899999999997,17.07,0,0,52,0,0,-0.83
849,362.7710000000001,57.9,2,2,120,10,2,-5.382000000000001
850,256.348,0.0,4,4,96,18,0,-7.01
853,231.893,20.23,1,1,60,6,1,-3.1
854,147.004,0.0,1,1,42,6,0,-3.04
855,354.491,0.0,2,2,100,12,0,-7.15
856,102.13299999999998,26.3,0,0,42,0,2,-1.01
857,124.208,0.0,1,1,42,6,0,-2.39
858,322.29,58.120000000000005,3,3,120,12,1,-4.207
859,86.178,0.0,0,0,38,0,0,-3.84
860,137.138,39.19,1,1,52,6,3,-0.46
862,360.88200000000006,0.0,2,2,94,12,1,-7.82
863,286.11400000000003,46.61,2,2,94,6,3,-4.925
864,240.698,86.52,1,1,86,6,2,-3.15
866,266.34,40.46,2,2,102,12,7,-4.95
868,107.15599999999998,12.89,1,1,42,6,0,0.51
869,380.784,44.760000000000005,0,0,80,0,0,-2.28
871,360.88200000000006,0.0,2,2,94,12,1,-8.71
872,210.285,48.39000000000001,1,1,84,6,3,-3.364
873,116.20399999999998,20.23,0,0,50,0,0,-0.92
874,210.233,75.27,2,2,82,0,3,-3.168
876,122.16699999999996,20.23,1,1,48,6,1,-1.4
877,258.104,38.33,1,1,84,6,4,-4.37
878,169.611,29.1,1,1,58,6,3,-2.843
879,395.3270000000001,0.0,2,2,100,12,1,-8.94
880,86.17799999999998,0.0,0,0,38,0,0,-3.55
881,107.15599999999998,12.03,1,1,42,6,1,-1.28
882,68.119,0.0,0,0,28,0,0,-2.09
883,404.5030000000002,100.90000000000002,4,4,160,0,3,-4.88
884,198.134,106.51000000000002,1,1,74,6,7,-1.456
885,321.163,61.690000000000005,3,3,106,12,2,-3.604
886,128.558,20.23,1,1,42,6,1,-0.7
887,191.455,0.0,1,1,42,6,0,-3.21
888,295.72900000000004,118.69,2,2,92,6,0,-3.05
889,170.16799999999998,75.27000000000001,1,1,66,0,3,-1.228
890,138.16599999999997,29.46,1,1,54,6,1,-0.7
892,130.23099999999997,20.23,0,0,56,0,0,-1.98
893,421.7340000000001,89.51999999999998,2,2,150,12,7,-6.78
894,229.71500000000003,62.73,1,1,84,6,2,-4.43
895,102.177,20.23,0,0,44,0,0,-1.11
896,116.20399999999998,20.23,0,0,50,0,0,-1.08
897,106.16799999999996,0.0,1,1,42,6,0,-2.77
898,224.26,75.27000000000001,1,1,88,0,3,-2.253
899,373.3209999999999,0.0,3,3,94,0,0,-6.317
900,303.156,75.27000000000001,1,1,94,0,3,-2.647
901,349.43000000000006,59.32000000000001,3,3,134,12,4,-6.025
902,310.47800000000007,35.53,0,0,128,0,6,-5.19
903,102.133,26.3,0,0,42,0,2,-0.66
904,241.364,62.73,1,1,90,6,2,-4.1
905,236.702,32.34,1,1,84,6,4,-3.9
906,156.22799999999998,0.0,2,2,60,10,0,-4.72
907,257.547,0.0,2,2,76,12,1,-6.25
908,360.88200000000006,0.0,2,2,94,12,1,-7.39
909,84.082,88.19,0,0,32,0,5,-0.31
910,164.375,43.14,0,0,42,0,2,-2.0
911,223.102,0.0,2,2,70,12,1,-5.21
912,136.14999999999998,26.3,1,1,52,6,3,-1.49
913,180.163,72.24000000000001,1,1,68,6,6,-2.692
914,158.241,26.3,0,0,66,0,2,-2.74
915,151.165,49.33,1,1,58,6,4,-1.03
918,151.129,100.45,2,2,56,9,2,-3.583
919,74.07900000000001,26.3,0,0,30,0,2,0.46
920,290.44699999999995,37.3,4,4,118,0,0,-4.743
921,100.161,20.23,0,0,42,0,0,-0.59
923,130.231,9.23,0,0,56,0,0,-1.85
924,186.339,20.23,0,0,80,0,0,-4.8
925,313.36100000000005,81.59000000000002,3,3,120,12,2,-3.36
926,102.17699999999998,20.23,0,0,44,0,0,-0.49
927,129.09399999999997,71.77,1,1,48,6,2,-0.972
928,293.40700000000004,38.77,1,1,118,6,5,-3.84
929,130.231,20.23,0,0,56,0,0,-1.72
930,162.27599999999998,0.0,1,1,66,6,0,-5.23
931,150.22099999999998,20.23,1,1,60,6,1,-2.22
933,291.26500000000004,70.83000000000001,1,1,100,6,4,-4.66
934,16.043,0.0,0,0,8,0,0,-0.9
936,173.171,43.14,2,2,64,10,3,-3.54
937,100.161,17.07,0,0,42,0,0,-0.67
938,151.129,100.71,2,2,56,9,2,-3.401
940,61.040000000000006,43.14,0,0,24,0,2,0.26
941,304.67,20.31,0,0,94,0,2,-4.88
942,82.14599999999999,0.0,0,0,34,0,0,-2.68
944,286.415,34.14,4,4,114,0,1,-3.69
945,84.16199999999999,0.0,0,0,36,0,0,-3.23
946,354.8150000000001,109.48999999999998,2,2,122,12,5,-3.79
947,112.216,0.0,1,1,48,0,0,-4.25
948,142.242,17.07,0,0,60,0,0,-2.58
949,295.298,84.07999999999998,3,3,110,15,7,-3.88
950,213.664,38.33,1,1,76,6,4,-3.38
951,288.73800000000006,49.330000000000005,3,3,102,12,1,-4.114
952,201.225,38.33,2,2,76,10,4,-3.224
953,26.038,0.0,0,0,10,0,0,0.29
954,107.15599999999998,12.89,1,1,42,6,0,0.38
955,80.12999999999998,0.0,1,1,32,0,0,-2.06
956,329.3800000000001,65.07000000000001,0,0,112,0,5,-2.518
957,122.16699999999996,20.23,1,1,48,6,0,-0.92
958,112.987,0.0,0,0,32,0,0,-1.6
959,126.19899999999998,17.07,0,0,52,0,3,-2.46
960,274.413,18.46,0,0,86,0,0,-4.23
961,344.4950000000001,43.370000000000005,4,4,138,0,3,-5.284
962,257.547,0.0,2,2,76,12,1,-6.14
963,310.687,58.2,2,2,108,12,7,-6.02
964,289.545,29.46,2,2,88,12,3,-4.46
966,346.46700000000016,74.6,4,4,138,0,1,-3.24
967,120.19499999999998,0.0,1,1,48,6,0,-3.4
970,291.992,0.0,2,2,82,12,1,-7.39
971,156.141,75.27000000000001,1,1,60,0,3,-1.742
972,169.993,0.0,0,0,26,0,0,-2.09
973,168.10799999999995,86.28,1,1,62,6,6,-3.1
974,86.13399999999999,17.07,0,0,36,0,0,-0.12
976,154.253,9.23,3,3,64,0,0,-1.74
977,189.243,30.19,3,3,64,12,0,-2.07
978,128.21499999999995,17.07,0,0,54,0,0,-2.05
979,172.268,26.3,0,0,72,0,2,-3.38
980,114.094,0.0,1,1,42,6,0,-1.97
981,258.233,83.55000000000001,3,3,96,6,4,-2.676
982,335.28200000000004,89.51999999999998,1,1,128,6,7,-5.68
983,46.069,20.23,0,0,20,0,0,1.1
984,182.179,75.27,2,2,70,0,3,-2.349
985,236.271,67.42999999999999,1,1,92,6,6,-1.83
986,350.4580000000001,35.53,3,3,136,12,4,-5.24
987,198.30999999999992,32.34,1,1,82,0,3,-2.218
989,193.128,0.0,0,0,56,0,0,-5.06
990,290.323,85.25,2,2,112,9,7,-4.883
991,231.299,30.17,2,2,90,11,3,-0.364
992,88.15,20.23,0,0,38,0,0,-0.24
993,137.138,43.14,1,1,52,6,3,-2.49
994,102.177,20.23,0,0,44,0,0,-1.14
995,314.42500000000007,57.53,4,4,124,0,1,-4.57
996,428.12000000000006,46.53,2,2,116,12,2,-4.93
997,221.647,60.91,2,2,76,12,3,-2.878
998,88.14999999999998,20.23,0,0,38,0,0,0.15
999,108.14,20.23,1,1,42,6,1,-0.73
1000,74.07900000000001,26.3,0,0,30,0,2,0.15
1001,121.18299999999996,3.24,1,1,48,6,1,-1.92
1002,138.254,0.0,2,2,58,0,0,-5.19
1003,90.191,0.0,0,0,32,0,0,-2.18
1005,165.834,0.0,0,0,36,0,0,-2.54
1006,86.134,17.07,0,0,36,0,0,-0.28
1007,53.06399999999999,23.79,0,0,20,0,3,0.15
1009,100.161,17.07,0,0,42,0,0,-0.8
1010,225.296,71.96000000000001,1,1,90,6,3,-3.239
1011,114.232,0.0,0,0,50,0,0,-5.16
1012,187.862,0.0,0,0,26,0,0,-1.68
1013,193.246,38.33,1,1,76,6,4,-2.863
1014,214.206,88.37,2,2,74,5,5,-3.22
1016,142.58499999999998,9.23,1,1,48,6,1,-2.46
1017,366.0,27.69,1,1,90,6,1,-6.09
1018,332.57000000000005,63.24,2,2,104,6,5,-5.03
1019,320.04600000000005,0.0,2,2,94,12,0,-7.2
1020,86.09,26.3,0,0,34,0,4,-0.22
1021,290.75,41.57000000000001,2,2,104,12,6,-4.89
1023,134.22199999999998,0.0,1,1,54,6,0,-3.77
1024,163.003,20.23,1,1,48,6,1,-1.79
1027,254.24599999999995,102.28,2,2,98,9,2,-0.17
1029,116.204,20.23,0,0,50,0,0,-0.85
1030,306.51500000000004,20.23,5,5,118,0,0,-5.41
1031,235.906,0.0,1,1,42,6,0,-3.5
1032,197.448,20.23,1,1,54,6,1,-2.34
1034,255.292,20.31,3,3,96,12,1,-4.799
1035,114.18799999999996,17.07,0,0,48,0,0,-1.3
1036,238.287,75.27000000000001,1,1,94,0,3,-2.593
1037,262.261,75.99000000000001,3,3,100,0,3,-2.943
1038,194.194,61.82,2,2,74,9,2,-0.8759999999999999
1040,122.167,20.23,1,1,48,6,1,-1.38
1042,360.88200000000006,0.0,2,2,94,12,1,-8.56
1043,122.12699999999997,55.98,1,1,46,6,3,0.61
1044,110.18099999999995,0.0,1,1,36,6,0,-2.12
1045,179.219,38.33,1,1,70,6,4,-2.5810000000000004
1046,409.7819999999999,0.0,3,3,102,0,0,-6.86
1047,94.204,0.0,0,0,26,0,0,-1.44
1048,121.13899999999995,43.09,1,1,46,6,3,-0.96
1049,191.455,0.0,1,1,42,6,0,-3.19
1051,116.20399999999998,20.23,0,0,50,0,0,-1.47
1052,268.32,58.120000000000005,3,3,102,12,1,-4.553999999999999
1053,163.003,20.23,1,1,48,6,1,-1.34
1054,192.261,0.0,3,3,72,14,0,-5.85
1055,130.231,20.23,0,0,56,0,0,-2.11
1056,270.225,20.31,0,0,88,0,2,-4.2860000000000005
1057,92.141,0.0,1,1,36,6,0,-2.21
1058,230.909,12.89,1,1,60,6,0,-3.76
1059,96.173,0.0,1,1,40,0,0,-3.18
1060,240.444,6.48,0,0,70,0,4,-3.9
1061,352.7700000000001,71.06,3,3,128,6,5,-3.2460000000000004
1062,158.285,20.23,0,0,68,0,0,-3.63
1063,100.20499999999998,0.0,0,0,44,0,0,-4.23
1064,287.343,64.63000000000001,0,0,96,0,2,1.144
1065,231.893,20.23,1,1,60,6,1,-3.15
1066,72.107,17.07,0,0,30,0,0,-0.01
1067,434.5040000000003,100.9,4,4,170,0,3,-4.9
1068,58.124,0.0,0,0,26,0,0,-2.57
1069,124.13899999999995,29.46,1,1,48,6,2,-1.96
1070,376.4680000000001,74.6,4,4,148,0,1,-4.099
1071,202.295,0.0,0,0,44,0,0,-2.6
1072,222.23999999999995,52.60000000000001,1,1,86,6,6,-2.35
1073,74.12299999999999,20.23,0,0,32,0,0,0.1
1074,134.22199999999998,0.0,1,1,54,6,0,-4.12
1075,267.835,0.0,0,0,20,0,0,-2.34
1076,116.204,20.23,0,0,50,0,0,-1.4
1077,130.18699999999998,26.3,0,0,54,0,2,-1.89
1078,231.893,20.23,1,1,60,6,1,-3.37
1079,120.19499999999996,0.0,1,1,48,6,0,-3.37
1080,170.92000000000002,0.0,0,0,50,0,0,-2.74
1081,70.09100000000001,17.07,0,0,28,0,3,0.32
1082,116.164,23.550000000000004,0,0,48,0,3,0.94
1083,134.22199999999998,0.0,1,1,54,6,0,-4.59
1084,340.4630000000001,43.370000000000005,4,4,134,0,3,-4.8
1085,299.28800000000007,55.84,2,2,102,6,2,-3.35
1086,213.236,49.33,2,2,80,12,5,-3.59
1087,223.794,3.24,0,0,70,0,2,-3.39
1088,64.515,0.0,0,0,20,0,0,-1.06
1089,310.297,75.27000000000001,1,1,112,6,4,-3.24
1090,285.343,38.77,3,3,110,6,7,-3.46
1091,70.135,0.0,0,0,30,0,0,-2.54
1092,218.322,50.69,0,0,82,0,5,-1.62
1093,224.26,75.27,2,2,88,0,3,-2.982
1094,263.381,38.33,1,1,106,6,4,-4.24
1096,182.222,17.07,2,2,68,12,3,-3.12
1099,102.177,20.23,0,0,44,0,0,-1.17
1100,95.10099999999998,33.120000000000005,1,1,36,6,1,1.02
1101,96.94400000000002,0.0,0,0,24,0,0,-1.3
1102,84.162,0.0,1,1,36,0,0,-3.3
1103,102.17699999999998,20.23,0,0,44,0,0,-0.8
1104,254.289,55.56,3,3,96,12,2,-3.928
1105,88.14999999999999,20.23,0,0,38,0,0,-0.4
1106,293.754,57.010000000000005,2,2,106,11,1,-3.61
1107,231.255,67.16,2,2,88,11,3,-2.461
1108,42.081,0.0,0,0,18,0,0,-1.08
1109,269.127,40.46,2,2,88,12,2,-3.953
1110,300.314,76.66,2,2,114,12,9,-4.632
1111,208.216,34.14,3,3,76,12,2,-5.19
1112,130.231,20.23,0,0,56,0,0,-2.09
1113,267.306,72.47,2,2,96,6,4,-2.281
1114,134.22199999999998,0.0,1,1,54,6,0,-4.06
1115,114.06,75.27,1,1,42,0,3,-0.4
1117,338.7720000000001,109.49,3,3,114,12,1,-3.451
1118,116.15999999999998,26.3,0,0,48,0,2,-1.21
1119,100.20499999999998,0.0,0,0,44,0,0,-4.36
1120,395.3270000000001,0.0,2,2,100,12,1,-7.66
1121,128.13399999999996,47.58,1,1,46,6,4,-2.38
1122,137.138,43.14,1,1,52,6,3,-2.44
1123,197.381,0.0,0,0,44,0,0,-1.71
1124,219.266,70.99999999999999,0,0,80,0,8,0.106
1125,246.359,18.46,0,0,74,0,0,-3.091
1126,72.151,0.0,0,0,32,0,0,-3.18
1127,365.96400000000006,44.760000000000005,1,1,106,6,3,-4.522
